OrganizationIdentifier,OrganizationFormalName,ActivityIdentifier,ActivityTypeCode,ActivityMediaName,ActivityMediaSubdivisionName,ActivityStartDate,ActivityStartTime/Time,ActivityStartTime/TimeZoneCode,ActivityEndDate,ActivityEndTime/Time,ActivityEndTime/TimeZoneCode,ActivityRelativeDepthName,ActivityDepthHeightMeasure/MeasureValue,ActivityDepthHeightMeasure/MeasureUnitCode,ActivityDepthAltitudeReferencePointText,ActivityTopDepthHeightMeasure/MeasureValue,ActivityTopDepthHeightMeasure/MeasureUnitCode,ActivityBottomDepthHeightMeasure/MeasureValue,ActivityBottomDepthHeightMeasure/MeasureUnitCode,ProjectIdentifier,ProjectName,ActivityConductingOrganizationText,MonitoringLocationIdentifier,MonitoringLocationName,ActivityCommentText,SampleAquifer,HydrologicCondition,HydrologicEvent,ActivityLocation/LatitudeMeasure,ActivityLocation/LongitudeMeasure,SampleCollectionMethod/MethodIdentifier,SampleCollectionMethod/MethodIdentifierContext,SampleCollectionMethod/MethodName,SampleCollectionMethod/MethodDescriptionText,SampleCollectionEquipmentName,ResultIdentifier,ResultDetectionConditionText,MethodSpeciationName,CharacteristicName,ResultSampleFractionText,ResultMeasureValue,ResultMeasure/MeasureUnitCode,MeasureQualifierCode,ResultStatusIdentifier,StatisticalBaseCode,ResultValueTypeName,ResultWeightBasisText,ResultTimeBasisText,ResultTemperatureBasisText,ResultParticleSizeBasisText,DataQuality/PrecisionValue,DataQuality/BiasValue,DataQuality/ConfidenceIntervalValue,DataQuality/UpperConfidenceLimitValue,DataQuality/LowerConfidenceLimitValue,ResultCommentText,USGSPCode,ResultDepthHeightMeasure/MeasureValue,ResultDepthHeightMeasure/MeasureUnitCode,ResultDepthAltitudeReferencePointText,SubjectTaxonomicName,SampleTissueAnatomyName,BinaryObjectFileName,BinaryObjectFileTypeCode,ResultFileUrl,ResultAnalyticalMethod/MethodIdentifier,ResultAnalyticalMethod/MethodIdentifierContext,ResultAnalyticalMethod/MethodName,ResultAnalyticalMethod/MethodUrl,ResultAnalyticalMethod/MethodDescriptionText,LaboratoryName,AnalysisStartDate,ResultLaboratoryCommentText,ResultDetectionQuantitationLimitUrl,DetectionQuantitationLimitTypeName,DetectionQuantitationLimitMeasure/MeasureValue,DetectionQuantitationLimitMeasure/MeasureUnitCode,LabSamplePreparationUrl,LastUpdated,ProviderName
USGS-TX,USGS Texas Water Science Center,nwistx.01.01801062,Sample-Routine,Water,Surface Water,2018-02-14,12:00:00,CST,,,,,,,,,,,,,,U.S. Geological Survey-Water Resources Discipline,USGS-08067254,,SLAR station: 2948150944442002,,"Stable, normal stage",Routine sample,,,40,USGS parameter code 82398,Multiple verticals,,Weighted-bottle sampler,NWIS-118490766,,,"Temperature, water",,12.7,deg C,,Accepted,,Actual,,,,,,,,,,,00010,,,,,,,,,THM01,USGS,"Temperature, water, thermistor",,"USGS National Field Manual, Chapter A6.1",,,,,,,,,,NWIS
USGS-TX,USGS Texas Water Science Center,nwistx.01.01801061,Sample-Routine,Water,Surface Water,2018-02-14,11:15:00,CST,,,,,,,,,,,,,,U.S. Geological Survey-Water Resources Discipline,USGS-08067230,,,,"Stable, normal stage",Routine sample,,,40,USGS parameter code 82398,Multiple verticals,,Weighted-bottle sampler,NWIS-109602204,,,"Temperature, water",,12.3,deg C,,Accepted,,Actual,,,,,,,,,,,00010,,,,,,,,,THM01,USGS,"Temperature, water, thermistor",,"USGS National Field Manual, Chapter A6.1",,,,,,,,,,NWIS
USGS-TX,USGS Texas Water Science Center,nwistx.01.01801773,Sample-Routine,Water,Surface Water,2018-04-04,14:00:00,CDT,,,,,,,,,,,,,,U.S. Geological Survey-Water Resources Discipline,USGS-08067252,,bottle date 4/4/18,,"Stable, high stage",Routine sample,,,20,USGS parameter code 82398,Equal discharge increment (edi),,US DH-2 Bag Sampler,NWIS-110580269,,,"Temperature, water",,21.1,deg C,,Accepted,,Actual,,,,,,,,,,,00010,,,,,,,,,THM01,USGS,"Temperature, water, thermistor",,"USGS National Field Manual, Chapter A6.1",,,,,,,,,,NWIS
USGS-TX,USGS Texas Water Science Center,nwistx.01.01801256,Sample-Routine,Water,Surface Water,2018-03-01,11:40:00,CST,,,,,,,,,,,,,,U.S. Geological Survey-Water Resources Discipline,USGS-08067254,,"L-0660085 X=sta id on bottles is 294815094444200  Sample type is missing in mandatory field, JNV",,"Stable, normal stage",Hurricane,,,USGS,USGS,USGS,,Unknown,NWIS-118490813,,,"Temperature, water",,17.1,deg C,,Accepted,,Actual,,,,,,,,,,,00010,,,,,,,,,THM01,USGS,"Temperature, water, thermistor",,"USGS National Field Manual, Chapter A6.1",,,,,,,,,,NWIS
USGS-TX,USGS Texas Water Science Center,nwistx.01.01900036,Sample-Routine,Water,Surface Water,2018-10-22,11:00:00,CDT,,,,,,,,,,,,,,U.S. Geological Survey-Water Resources Discipline,USGS-08067254,,,,"Stable, high stage",Routine sample,,,70,USGS parameter code 82398,Grab sample  (dip),,Weighted-bottle sampler,NWIS-118490899,,,"Temperature, water",,21.2,deg C,,Accepted,,Actual,,,,,,,,,,,00010,,,,,,,,,THM01,USGS,"Temperature, water, thermistor",,"USGS National Field Manual, Chapter A6.1",,,,,,,,,,NWIS
USGS-TX,USGS Texas Water Science Center,nwistx.01.01900035,Sample-Routine,Water,Surface Water,2018-10-22,12:00:00,CDT,,,,,,,,,,,,,,U.S. Geological Survey-Water Resources Discipline,USGS-08067252,,,,"Stable, high stage",Routine sample,,,20,USGS parameter code 82398,Equal discharge increment (edi),,US DH-2 Bag Sampler,NWIS-112076518,,,"Temperature, water",,21.2,deg C,,Accepted,,Actual,,,,,,,,,,,00010,,,,,,,,,THM01,USGS,"Temperature, water, thermistor",,"USGS National Field Manual, Chapter A6.1",,,,,,,,,,NWIS
USGS-TX,USGS Texas Water Science Center,nwistx.01.01801255,Sample-Routine,Water,Surface Water,2018-03-01,10:45:00,CST,,,,,,,,,,,,,,U.S. Geological Survey-Water Resources Discipline,USGS-08067230,,"L-0660084 Added user code from shipping label.   Sample type is missing in mandatory field, JNV",,"Stable, normal stage",Hurricane,,,40,USGS parameter code 82398,Multiple verticals,,Weighted-bottle sampler,NWIS-109809297,,,"Temperature, water",,19.0,deg C,,Accepted,,Actual,,,,,,,,,,,00010,,,,,,,,,THM01,USGS,"Temperature, water, thermistor",,"USGS National Field Manual, Chapter A6.1",,,,,,,,,,NWIS
USGS-TX,USGS Texas Water Science Center,nwistx.01.01801254,Sample-Routine,Water,Surface Water,2018-03-01,12:45:00,CST,,,,,,,,,,,,,,U.S. Geological Survey-Water Resources Discipline,USGS-08067252,,"L-0660086 Sample type is missing in mandatory field, JNV",,"Stable, normal stage",Routine sample,,,USGS,USGS,USGS,,Unknown,NWIS-109809248,,,"Temperature, water",,16.8,deg C,,Accepted,,Actual,,,,,,,,,,,00010,,,,,,,,,THM01,USGS,"Temperature, water, thermistor",,"USGS National Field Manual, Chapter A6.1",,,,,,,,,,NWIS
USGS-TX,USGS Texas Water Science Center,nwistx.01.01801060,Quality Control Sample-Field Replicate,Water,Surface Water,2018-02-14,12:35:00,CST,,,,,,,,,,,,,,U.S. Geological Survey-Water Resources Discipline,USGS-08067252,,,,"Stable, high stage",Routine sample,,,40,USGS parameter code 82398,Multiple verticals,,Weighted-bottle sampler,NWIS-109602152,,,"Temperature, water",,11.4,deg C,,Accepted,,Actual,,,,,,,,,,,00010,,,,,,,,,THM01,USGS,"Temperature, water, thermistor",,"USGS National Field Manual, Chapter A6.1",,,,,,,,,,NWIS
USGS-TX,USGS Texas Water Science Center,nwistx.01.01801774,Sample-Routine,Water,Surface Water,2018-04-04,10:57:00,CDT,,,,,,,,,,,,,,U.S. Geological Survey-Water Resources Discipline,USGS-08067230,,L-0960104 Added user code from shipping,,"Stable, high stage",Routine sample,,,40,USGS parameter code 82398,Multiple verticals,,Weighted-bottle sampler,NWIS-110580008,,,"Temperature, water",,20.2,deg C,,Accepted,,Actual,,,,,,,,,,,00010,,,,,,,,,THM01,USGS,"Temperature, water, thermistor",,"USGS National Field Manual, Chapter A6.1",,,,,,,,,,NWIS
USGS-TX,USGS Texas Water Science Center,nwistx.01.01801775,Sample-Routine,Water,Surface Water,2018-04-04,11:33:00,CDT,,,,,,,,,,,,,,U.S. Geological Survey-Water Resources Discipline,USGS-08067254,,Bottle time 11:33,,"Stable, high stage",Routine sample,,,70,USGS parameter code 82398,Grab sample  (dip),,Weighted-bottle sampler,NWIS-118490857,,,"Temperature, water",,20.2,deg C,,Accepted,,Actual,,,,,,,,,,,00010,,,,,,,,,THM01,USGS,"Temperature, water, thermistor",,"USGS National Field Manual, Chapter A6.1",,,,,,,,,,NWIS
USGS-TX,USGS Texas Water Science Center,nwistx.01.01802964,Sample-Routine,Water,Surface Water,2018-08-09,09:30:00,CDT,,,,,,,,,,,,,,U.S. Geological Survey-Water Resources Discipline,USGS-08067252,,L-2280106 Added user code TX. 8/17/2018 mec,,"Stable, normal stage",Routine sample,,,40,USGS parameter code 82398,Multiple verticals,,Weighted-bottle sampler,NWIS-111553374,,,"Temperature, water",,31.3,deg C,,Accepted,,Actual,,,,,,,,,,,00010,,,,,,,,,THM01,USGS,"Temperature, water, thermistor",,"USGS National Field Manual, Chapter A6.1",,,,,,,,,,NWIS
USGS-TX,USGS Texas Water Science Center,nwistx.01.01900037,Sample-Routine,Water,Surface Water,2018-10-22,10:30:00,CDT,,,,,,,,,,,,,,U.S. Geological Survey-Water Resources Discipline,USGS-08067230,,,,"Stable, high stage",Routine sample,,,70,USGS parameter code 82398,Grab sample  (dip),,Weighted-bottle sampler,NWIS-112076578,,,"Temperature, water",,20.5,deg C,,Accepted,,Actual,,,,,,,,,,,00010,,,,,,,,,THM01,USGS,"Temperature, water, thermistor",,"USGS National Field Manual, Chapter A6.1",,,,,,,,,,NWIS
USGS-TX,USGS Texas Water Science Center,nwistx.01.02000245,Sample-Routine,Water,Surface Water,2019-11-22,10:30:00,CST,,,,,,,,,,,,,,U.S. Geological Survey-Water Resources Discipline,USGS-08067252,,"L-3370058 Put ice on top of sample to help chill. Close to cut-off temp. Only one WCA received, ASR states two.",,"Stable, normal stage",Routine sample,,,40,USGS parameter code 82398,Multiple verticals,,Weighted-bottle sampler,NWIS-118183944,,,"Temperature, water",,15.9,deg C,,Accepted,,Actual,,,,,,,,,,,00010,,,,,,,,,THM01,USGS,"Temperature, water, thermistor",,"USGS National Field Manual, Chapter A6.1",,,,,,,,,,NWIS
USGS-TX,USGS Texas Water Science Center,nwistx.01.01902795,Sample-Routine,Water,Surface Water,2019-07-10,11:30:00,CDT,,,,,,,,,,,,,,U.S. Geological Survey-Water Resources Discipline,USGS-08067252,,L-1920246 X = Added User Code from shipping state.,,"Stable, high stage",Routine sample,,,20,USGS parameter code 82398,Equal discharge increment (edi),,US DH-2 Bag Sampler,NWIS-117135836,,,"Temperature, water",,24.6,deg C,,Accepted,,Actual,,,,,,,,,,,00010,,,,,,,,,THM01,USGS,"Temperature, water, thermistor",,"USGS National Field Manual, Chapter A6.1",,,,,,,,,,NWIS
USGS-TX,USGS Texas Water Science Center,nwistx.01.01901526,Sample-Routine,Water,Surface Water,2019-05-14,11:45:00,CDT,,,,,,,,,,,,,,U.S. Geological Survey-Water Resources Discipline,USGS-08067254,,,,"Stable, high stage",Routine sample,,,40,USGS parameter code 82398,Multiple verticals,,Weighted-bottle sampler,NWIS-118490949,,,"Temperature, water",,23.7,deg C,,Accepted,,Actual,,,,,,,,,,,00010,,,,,,,,,THM01,USGS,"Temperature, water, thermistor",,"USGS National Field Manual, Chapter A6.1",,,,,,,,,,NWIS
USGS-TX,USGS Texas Water Science Center,nwistx.01.01901468,Sample-Routine,Water,Surface Water,2019-05-14,13:00:00,CDT,,,,,,,,,,,,,,U.S. Geological Survey-Water Resources Discipline,USGS-08067252,,"L-1370024 Only one WCA received, ASR said two.",,"Stable, high stage",Routine sample,,,20,USGS parameter code 82398,Equal discharge increment (edi),,US DH-2 Bag Sampler,NWIS-116456777,,,"Temperature, water",,23.6,deg C,,Accepted,,Actual,,,,,,,,,,,00010,,,,,,,,,THM01,USGS,"Temperature, water, thermistor",,"USGS National Field Manual, Chapter A6.1",,,,,,,,,,NWIS
USGS-TX,USGS Texas Water Science Center,nwistx.01.01901469,Sample-Routine,Water,Surface Water,2019-05-14,11:00:00,CDT,,,,,,,,,,,,,,U.S. Geological Survey-Water Resources Discipline,USGS-08067230,,,,"Stable, high stage",Routine sample,,,70,USGS parameter code 82398,Grab sample  (dip),,US DH-2 Bag Sampler,NWIS-116488261,,,"Temperature, water",,23.6,deg C,,Accepted,,Actual,,,,,,,,,,,00010,,,,,,,,,THM01,USGS,"Temperature, water, thermistor",,"USGS National Field Manual, Chapter A6.1",,,,,,,,,,NWIS
USGS-TX,USGS Texas Water Science Center,nwistx.01.02000789,Sample-Routine,Water,Surface Water,2020-01-21,11:45:00,CST,,,,,,,,,,,,,,U.S. Geological Survey-Water Resources Discipline,USGS-08042554,,,,"Stable, normal stage",Routine sample,,,60,USGS parameter code 82398,Weighted bottle,,Weighted-bottle sampler,NWIS-118452168,,,"Temperature, water",,11.8,deg C,,Accepted,,Actual,,,,,,,,,,,00010,,,,,,,,,THM01,USGS,"Temperature, water, thermistor",,"USGS National Field Manual, Chapter A6.1",U.S. Geological Survey-Water Resources Discipline,,,,,,,,,NWIS
USGS-TX,USGS Texas Water Science Center,nwistx.01.02101085,Sample-Routine,Water,Surface Water,2020-11-23,11:30:00,CST,,,,,,,,,,,,,,U.S. Geological Survey-Water Resources Discipline,USGS-08042548,,,,"Stable, normal stage",Routine sample,,,60,USGS parameter code 82398,Weighted bottle,,Weighted-bottle sampler,NWIS-120634566,,,"Temperature, water",,20.9,deg C,,Accepted,,Actual,,,,,,,,,,,00010,,,,,,,,,THM01,USGS,"Temperature, water, thermistor",,"USGS National Field Manual, Chapter A6.1",,,,,,,,,,NWIS
USGS-TX,USGS Texas Water Science Center,nwistx.01.02003380,Sample-Routine,Water,Surface Water,2020-09-17,10:45:00,CDT,,,,,,,,,,,,,,U.S. Geological Survey-Water Resources Discipline,USGS-08042558,,,,"Stable, normal stage",Routine sample,,,60,USGS parameter code 82398,Weighted bottle,,Weighted-bottle sampler,NWIS-119701977,,,"Temperature, water",,28.5,deg C,,Accepted,,Actual,,,,,,,,,,,00010,,,,,,,,,THM01,USGS,"Temperature, water, thermistor",,"USGS National Field Manual, Chapter A6.1",U.S. Geological Survey-Water Resources Discipline,,,,,,,,,NWIS
USGS-TX,USGS Texas Water Science Center,nwistx.01.02001600,Sample-Routine,Water,Surface Water,2020-05-05,11:00:00,CDT,,,,,,,,,,,,,,U.S. Geological Survey-Water Resources Discipline,USGS-08042554,,,,"Stable, normal stage",Routine sample,,,60,USGS parameter code 82398,Weighted bottle,,Weighted-bottle sampler,NWIS-118977925,,,"Temperature, water",,26.2,deg C,,Accepted,,Actual,,,,,,,,,,,00010,,,,,,,,,THM01,USGS,"Temperature, water, thermistor",,"USGS National Field Manual, Chapter A6.1",U.S. Geological Survey-Water Resources Discipline,,,,,,,,,NWIS
USGS-TX,USGS Texas Water Science Center,nwistx.01.02101311,Sample-Routine,Water,Surface Water,2020-12-14,13:30:00,CST,,,,,,,,,,,,,,U.S. Geological Survey-Water Resources Discipline,USGS-08042558,,,,Falling stage,Storm,,,60,USGS parameter code 82398,Weighted bottle,,Weighted-bottle sampler,NWIS-120774773,,,"Temperature, water",,14.4,deg C,,Accepted,,Actual,,,,,,,,,,,00010,,,,,,,,,THM01,USGS,"Temperature, water, thermistor",,"USGS National Field Manual, Chapter A6.1",,,,,,,,,,NWIS
USGS-TX,USGS Texas Water Science Center,nwistx.01.02101082,Sample-Routine,Water,Surface Water,2020-11-23,12:30:00,CST,,,,,,,,,,,,,,U.S. Geological Survey-Water Resources Discipline,USGS-08042554,,,,"Stable, normal stage",Routine sample,,,60,USGS parameter code 82398,Weighted bottle,,Weighted-bottle sampler,NWIS-120634456,,,"Temperature, water",,18.7,deg C,,Accepted,,Actual,,,,,,,,,,,00010,,,,,,,,,THM01,USGS,"Temperature, water, thermistor",,"USGS National Field Manual, Chapter A6.1",,,,,,,,,,NWIS
USGS-TX,USGS Texas Water Science Center,nwistx.01.02000788,Sample-Routine,Water,Surface Water,2020-01-21,12:35:00,CST,,,,,,,,,,,,,,U.S. Geological Survey-Water Resources Discipline,USGS-08042546,,,,"Stable, normal stage",Routine sample,,,60,USGS parameter code 82398,Weighted bottle,,Weighted-bottle sampler,NWIS-118452103,,,"Temperature, water",,12.5,deg C,,Accepted,,Actual,,,,,,,,,,,00010,,,,,,,,,THM01,USGS,"Temperature, water, thermistor",,"USGS National Field Manual, Chapter A6.1",U.S. Geological Survey-Water Resources Discipline,,,,,,,,,NWIS
USGS-TX,USGS Texas Water Science Center,nwistx.01.02003379,Sample-Routine,Water,Surface Water,2020-09-17,11:30:00,CDT,,,,,,,,,,,,,,U.S. Geological Survey-Water Resources Discipline,USGS-08042548,,,,"Stable, normal stage",Routine sample,,,60,USGS parameter code 82398,Weighted bottle,,Weighted-bottle sampler,NWIS-119701911,,,"Temperature, water",,28.3,deg C,,Accepted,,Actual,,,,,,,,,,,00010,,,,,,,,,THM01,USGS,"Temperature, water, thermistor",,"USGS National Field Manual, Chapter A6.1",U.S. Geological Survey-Water Resources Discipline,,,,,,,,,NWIS
USGS-TX,USGS Texas Water Science Center,nwistx.01.02100944,Sample-Routine,Water,Surface Water,2020-10-07,09:00:00,CDT,,,,,,,,,,,,,,U.S. Geological Survey-Water Resources Discipline,USGS-08042558,,,,"Stable, normal stage",Routine sample,,,USGS,USGS,USGS,,Unknown,NWIS-120590231,,,"Temperature, water",,24.1,deg C,,Accepted,,Actual,,,,,,,,,,,00010,,,,,,,,,THM01,USGS,"Temperature, water, thermistor",,"USGS National Field Manual, Chapter A6.1",,,,,,,,,,NWIS
USGS-TX,USGS Texas Water Science Center,nwistx.01.02101077,Sample-Routine,Water,Surface Water,2020-11-23,10:45:00,CST,,,,,,,,,,,,,,U.S. Geological Survey-Water Resources Discipline,USGS-08042558,,,,"Stable, normal stage",Routine sample,,,60,USGS parameter code 82398,Weighted bottle,,Weighted-bottle sampler,NWIS-120634226,,,"Temperature, water",,20.5,deg C,,Accepted,,Actual,,,,,,,,,,,00010,,,,,,,,,THM01,USGS,"Temperature, water, thermistor",,"USGS National Field Manual, Chapter A6.1",,,,,,,,,,NWIS
USGS-TX,USGS Texas Water Science Center,nwistx.01.02001599,Quality Control Sample-Field Replicate,Water,Surface Water,2020-05-05,12:30:00,CDT,,,,,,,,,,,,,,U.S. Geological Survey-Water Resources Discipline,USGS-08042546,,,,"Stable, normal stage",Routine sample,,,60,USGS parameter code 82398,Weighted bottle,,Weighted-bottle sampler,NWIS-118977990,,,"Temperature, water",,26.5,deg C,,Accepted,,Actual,,,,,,,,,,,00010,,,,,,,,,THM01,USGS,"Temperature, water, thermistor",,"USGS National Field Manual, Chapter A6.1",U.S. Geological Survey-Water Resources Discipline,,,,,,,,,NWIS
USGS-TX,USGS Texas Water Science Center,nwistx.01.02001502,Sample-Routine,Water,Surface Water,2020-03-17,11:45:00,CDT,,,,,,,,,,,,,,U.S. Geological Survey-Water Resources Discipline,USGS-08042554,,,,"Stable, normal stage",Routine sample,,,60,USGS parameter code 82398,Weighted bottle,,Weighted-bottle sampler,NWIS-118752129,,,"Temperature, water",,22.7,deg C,,Accepted,,Actual,,,,,,,,,,,00010,,,,,,,,,THM01,USGS,"Temperature, water, thermistor",,"USGS National Field Manual, Chapter A6.1",U.S. Geological Survey-Water Resources Discipline,,,,,,,,,NWIS
USGS-TX,USGS Texas Water Science Center,nwistx.01.02002514,Sample-Routine,Water,Surface Water,2020-07-14,12:00:00,CDT,,,,,,,,,,,,,,U.S. Geological Survey-Water Resources Discipline,USGS-08042554,,,,"Stable, normal stage",Routine sample,,,60,USGS parameter code 82398,Weighted bottle,,Weighted-bottle sampler,NWIS-119327693,,,"Temperature, water",,31.3,deg C,,Accepted,,Actual,,,,,,,,,,,00010,,,,,,,,,THM01,USGS,"Temperature, water, thermistor",,"USGS National Field Manual, Chapter A6.1",U.S. Geological Survey-Water Resources Discipline,,,,,,,,,NWIS
USGS-TX,USGS Texas Water Science Center,nwistx.01.02003381,Sample-Routine,Water,Surface Water,2020-09-17,09:50:00,CDT,,,,,,,,,,,,,,U.S. Geological Survey-Water Resources Discipline,USGS-294443094401100,,,,"Stable, normal stage",Routine sample,,,60,USGS parameter code 82398,Weighted bottle,,Weighted-bottle sampler,NWIS-119702045,,,"Temperature, water",,28.1,deg C,,Accepted,,Actual,,,,,,,,,,,00010,,,,,,,,,THM01,USGS,"Temperature, water, thermistor",,"USGS National Field Manual, Chapter A6.1",U.S. Geological Survey-Water Resources Discipline,,,,,,,,,NWIS
USGS-TX,USGS Texas Water Science Center,nwistx.01.02001503,Sample-Routine,Water,Surface Water,2020-03-17,11:15:00,CDT,,,,,,,,,,,,,,U.S. Geological Survey-Water Resources Discipline,USGS-08042548,,,,"Stable, normal stage",Routine sample,,,60,USGS parameter code 82398,Weighted bottle,,Weighted-bottle sampler,NWIS-118751996,,,"Temperature, water",,22.4,deg C,,Accepted,,Actual,,,,,,,,,,,00010,,,,,,,,,THM01,USGS,"Temperature, water, thermistor",,"USGS National Field Manual, Chapter A6.1",U.S. Geological Survey-Water Resources Discipline,,,,,,,,,NWIS
USGS-TX,USGS Texas Water Science Center,nwistx.01.02101317,Sample-Routine,Water,Surface Water,2020-12-14,15:30:00,CST,,,,,,,,,,,,,,U.S. Geological Survey-Water Resources Discipline,USGS-08042546,,,,Falling stage,Storm,,,60,USGS parameter code 82398,Weighted bottle,,Weighted-bottle sampler,NWIS-120775104,,,"Temperature, water",,12.1,deg C,,Accepted,,Actual,,,,,,,,,,,00010,,,,,,,,,THM01,USGS,"Temperature, water, thermistor",,"USGS National Field Manual, Chapter A6.1",,,,,,,,,,NWIS
USGS-TX,USGS Texas Water Science Center,nwistx.01.02002512,Sample-Routine,Water,Surface Water,2020-07-14,10:15:00,CDT,,,,,,,,,,,,,,U.S. Geological Survey-Water Resources Discipline,USGS-08042558,,,,"Stable, normal stage",Routine sample,,,60,USGS parameter code 82398,Weighted bottle,,Weighted-bottle sampler,NWIS-119327560,,,"Temperature, water",,31.6,deg C,,Accepted,,Actual,,,,,,,,,,,00010,,,,,,,,,THM01,USGS,"Temperature, water, thermistor",,"USGS National Field Manual, Chapter A6.1",U.S. Geological Survey-Water Resources Discipline,,,,,,,,,NWIS
USGS-TX,USGS Texas Water Science Center,nwistx.01.02101314,Sample-Routine,Water,Surface Water,2020-12-14,14:00:00,CST,,,,,,,,,,,,,,U.S. Geological Survey-Water Resources Discipline,USGS-08042548,,,,Falling stage,Storm,,,60,USGS parameter code 82398,Weighted bottle,,Weighted-bottle sampler,NWIS-120774909,,,"Temperature, water",,13.3,deg C,,Accepted,,Actual,,,,,,,,,,,00010,,,,,,,,,THM01,USGS,"Temperature, water, thermistor",,"USGS National Field Manual, Chapter A6.1",,,,,,,,,,NWIS
USGS-TX,USGS Texas Water Science Center,nwistx.01.02002642,Sample-Routine,Water,Surface Water,2020-07-15,08:15:00,CDT,,,,,,,,,,,,,,U.S. Geological Survey-Water Resources Discipline,USGS-08077600,,,,"Stable, normal stage",Routine sample,,,USGS,USGS,USGS,,Unknown,NWIS-119349455,,,"Temperature, water",,31.7,deg C,,Accepted,,Actual,,,,,,,,,,,00010,,,,,,,,,THM01,USGS,"Temperature, water, thermistor",,"USGS National Field Manual, Chapter A6.1",,,,,,,,,,NWIS
USGS-TX,USGS Texas Water Science Center,nwistx.01.02002510,Sample-Routine,Water,Surface Water,2020-07-14,09:30:00,CDT,,,,,,,,,,,,,,U.S. Geological Survey-Water Resources Discipline,USGS-294443094401100,,,,"Stable, normal stage",Routine sample,,,60,USGS parameter code 82398,Weighted bottle,,Weighted-bottle sampler,NWIS-119327407,,,"Temperature, water",,28.8,deg C,,Accepted,,Actual,,,,,,,,,,,00010,,,,,,,,,THM01,USGS,"Temperature, water, thermistor",,"USGS National Field Manual, Chapter A6.1",U.S. Geological Survey-Water Resources Discipline,,,,,,,,,NWIS
USGS-TX,USGS Texas Water Science Center,nwistx.01.02100362,Quality Control Sample-Field Replicate,Water,Surface Water,2020-12-07,12:15:00,CST,,,,,,,,,,,,,,U.S. Geological Survey-Water Resources Discipline,USGS-08067250,,,,Peak stage,Routine sample,,,40,USGS parameter code 82398,Multiple verticals,,Weighted-bottle sampler,NWIS-120189499,,,"Temperature, water",,13.3,deg C,,Accepted,,Actual,,,,,,,,,,,00010,,,,,,,,,THM01,USGS,"Temperature, water, thermistor",,"USGS National Field Manual, Chapter A6.1",,,,,,,,,,NWIS
USGS-TX,USGS Texas Water Science Center,nwistx.01.02001760,Sample-Routine,Water,Surface Water,2020-06-10,09:15:00,CDT,,,,,,,,,,,,,,U.S. Geological Survey-Water Resources Discipline,USGS-08067250,,,,"Stable, normal stage",Routine sample,,,40,USGS parameter code 82398,Multiple verticals,,US DH-95 Teflon bottle,NWIS-119158909,,,"Temperature, water",,28.3,deg C,,Accepted,,Actual,,,,,,,,,,,00010,,,,,,,,,THM01,USGS,"Temperature, water, thermistor",,"USGS National Field Manual, Chapter A6.1",,,,,,,,,,NWIS
USGS-TX,USGS Texas Water Science Center,nwistx.01.02003378,Sample-Routine,Water,Surface Water,2020-09-17,12:15:00,CDT,,,,,,,,,,,,,,U.S. Geological Survey-Water Resources Discipline,USGS-08042554,,,,"Stable, normal stage",Routine sample,,,60,USGS parameter code 82398,Weighted bottle,,Weighted-bottle sampler,NWIS-119701845,,,"Temperature, water",,28.3,deg C,,Accepted,,Actual,,,,,,,,,,,00010,,,,,,,,,THM01,USGS,"Temperature, water, thermistor",,"USGS National Field Manual, Chapter A6.1",U.S. Geological Survey-Water Resources Discipline,,,,,,,,,NWIS
USGS-TX,USGS Texas Water Science Center,nwistx.01.02003398,Sample-Routine,Water,Surface Water,2020-09-22,09:45:00,CDT,,,,,,,,,,,,,,U.S. Geological Survey-Water Resources Discipline,USGS-08067250,,,,"Stable, normal stage",Routine sample,,,40,USGS parameter code 82398,Multiple verticals,,Weighted-bottle sampler,NWIS-119730707,,,"Temperature, water",,25.9,deg C,,Accepted,,Actual,,,,,,,,,,,00010,,,,,,,,,THM01,USGS,"Temperature, water, thermistor",,"USGS National Field Manual, Chapter A6.1",,,,,,,,,,NWIS
USGS-TX,USGS Texas Water Science Center,nwistx.01.02002516,Sample-Routine,Water,Surface Water,2020-07-14,13:15:00,CDT,,,,,,,,,,,,,,U.S. Geological Survey-Water Resources Discipline,USGS-08042546,,,,"Stable, normal stage",Routine sample,,,60,USGS parameter code 82398,Weighted bottle,,Weighted-bottle sampler,NWIS-119327759,,,"Temperature, water",,31.8,deg C,,Accepted,,Actual,,,,,,,,,,,00010,,,,,,,,,THM01,USGS,"Temperature, water, thermistor",,"USGS National Field Manual, Chapter A6.1",U.S. Geological Survey-Water Resources Discipline,,,,,,,,,NWIS
USGS-TX,USGS Texas Water Science Center,nwistx.01.02002644,Sample-Routine,Water,Surface Water,2020-07-14,09:25:00,CDT,,,,,,,,,,,,,,U.S. Geological Survey-Water Resources Discipline,USGS-08077647,,,,"Stable, normal stage",Routine sample,,,USGS,USGS,USGS,,Unknown,NWIS-119349476,,,"Temperature, water",,31.6,deg C,,Accepted,,Actual,,,,,,,,,,,00010,,,,,,,,,THM01,USGS,"Temperature, water, thermistor",,"USGS National Field Manual, Chapter A6.1",,,,,,,,,,NWIS
USGS-TX,USGS Texas Water Science Center,nwistx.01.02101320,Sample-Routine,Water,Surface Water,2020-12-14,14:45:00,CST,,,,,,,,,,,,,,U.S. Geological Survey-Water Resources Discipline,USGS-08042554,,,,Falling stage,Storm,,,60,USGS parameter code 82398,Weighted bottle,,Weighted-bottle sampler,NWIS-120779848,,,"Temperature, water",,12.0,deg C,,Accepted,,Actual,,,,,,,,,,,00010,,,,,,,,,THM01,USGS,"Temperature, water, thermistor",,"USGS National Field Manual, Chapter A6.1",,,,,,,,,,NWIS
USGS-TX,USGS Texas Water Science Center,nwistx.01.02001505,Sample-Routine,Water,Surface Water,2020-03-17,09:45:00,CDT,,,,,,,,,,,,,,U.S. Geological Survey-Water Resources Discipline,USGS-294443094401100,,L-0790068 CAUTION.,,"Stable, normal stage",Routine sample,,,60,USGS parameter code 82398,Weighted bottle,,Weighted-bottle sampler,NWIS-118751818,,,"Temperature, water",,21.9,deg C,,Accepted,,Actual,,,,,,,,,,,00010,,,,,,,,,THM01,USGS,"Temperature, water, thermistor",,"USGS National Field Manual, Chapter A6.1",U.S. Geological Survey-Water Resources Discipline,,,,,,,,,NWIS
USGS-TX,USGS Texas Water Science Center,nwistx.01.02101081,Sample-Routine,Water,Surface Water,2020-11-23,10:00:00,CST,,,,,,,,,,,,,,U.S. Geological Survey-Water Resources Discipline,USGS-294443094401100,,,,"Stable, normal stage",Routine sample,,,60,USGS parameter code 82398,Weighted bottle,,Weighted-bottle sampler,NWIS-120634402,,,"Temperature, water",,22.8,deg C,,Accepted,,Actual,,,,,,,,,,,00010,,,,,,,,,THM01,USGS,"Temperature, water, thermistor",,"USGS National Field Manual, Chapter A6.1",,,,,,,,,,NWIS
USGS-TX,USGS Texas Water Science Center,nwistx.01.02100361,Sample-Routine,Water,Surface Water,2020-12-07,09:30:00,CST,,,,,,,,,,,,,,U.S. Geological Survey-Water Resources Discipline,USGS-08067230,,,,"Stable, normal stage",Routine sample,,,40,USGS parameter code 82398,Multiple verticals,,Weighted-bottle sampler,NWIS-120189558,,,"Temperature, water",,12.2,deg C,,Accepted,,Actual,,,,,,,,,,,00010,,,,,,,,,THM01,USGS,"Temperature, water, thermistor",,"USGS National Field Manual, Chapter A6.1",,,,,,,,,,NWIS
USGS-TX,USGS Texas Water Science Center,nwistx.01.02000790,Sample-Routine,Water,Surface Water,2020-01-21,11:10:00,CST,,,,,,,,,,,,,,U.S. Geological Survey-Water Resources Discipline,USGS-08042548,,,,"Stable, normal stage",Routine sample,,,60,USGS parameter code 82398,Weighted bottle,,Weighted-bottle sampler,NWIS-118452233,,,"Temperature, water",,14.0,deg C,,Accepted,,Actual,,,,,,,,,,,00010,,,,,,,,,THM01,USGS,"Temperature, water, thermistor",,"USGS National Field Manual, Chapter A6.1",U.S. Geological Survey-Water Resources Discipline,,,,,,,,,NWIS
USGS-TX,USGS Texas Water Science Center,nwistx.01.02101073,Sample-Routine,Water,Surface Water,2020-11-23,13:45:00,CST,,,,,,,,,,,,,,U.S. Geological Survey-Water Resources Discipline,USGS-08042546,,,,"Stable, normal stage",Routine sample,,,60,USGS parameter code 82398,Weighted bottle,,Weighted-bottle sampler,NWIS-120634040,,,"Temperature, water",,18.1,deg C,,Accepted,,Actual,,,,,,,,,,,00010,,,,,,,,,THM01,USGS,"Temperature, water, thermistor",,"USGS National Field Manual, Chapter A6.1",,,,,,,,,,NWIS
USGS-TX,USGS Texas Water Science Center,nwistx.01.02101323,Sample-Routine,Water,Surface Water,2020-12-14,13:00:00,CST,,,,,,,,,,,,,,U.S. Geological Survey-Water Resources Discipline,USGS-294443094401100,,,,Falling stage,Storm,,,60,USGS parameter code 82398,Weighted bottle,,Weighted-bottle sampler,NWIS-120780040,,,"Temperature, water",,18.4,deg C,,Accepted,,Actual,,,,,,,,,,,00010,,,,,,,,,THM01,USGS,"Temperature, water, thermistor",,"USGS National Field Manual, Chapter A6.1",,,,,,,,,,NWIS
USGS-TX,USGS Texas Water Science Center,nwistx.01.02001504,Sample-Routine,Water,Surface Water,2020-03-17,10:30:00,CDT,,,,,,,,,,,,,,U.S. Geological Survey-Water Resources Discipline,USGS-08042558,,,,"Stable, normal stage",Routine sample,,,60,USGS parameter code 82398,Weighted bottle,,Weighted-bottle sampler,NWIS-118752062,,,"Temperature, water",,22.4,deg C,,Accepted,,Actual,,,,,,,,,,,00010,,,,,,,,,THM01,USGS,"Temperature, water, thermistor",,"USGS National Field Manual, Chapter A6.1",U.S. Geological Survey-Water Resources Discipline,,,,,,,,,NWIS
USGS-TX,USGS Texas Water Science Center,nwistx.01.02000791,Sample-Routine,Water,Surface Water,2020-01-21,10:35:00,CST,,,,,,,,,,,,,,U.S. Geological Survey-Water Resources Discipline,USGS-08042558,,,,"Stable, normal stage",Routine sample,,,60,USGS parameter code 82398,Weighted bottle,,Weighted-bottle sampler,NWIS-118452299,,,"Temperature, water",,15.7,deg C,,Accepted,,Actual,,,,,,,,,,,00010,,,,,,,,,THM01,USGS,"Temperature, water, thermistor",,"USGS National Field Manual, Chapter A6.1",U.S. Geological Survey-Water Resources Discipline,,,,,,,,,NWIS
USGS-TX,USGS Texas Water Science Center,nwistx.01.02100943,Sample-Routine,Water,Surface Water,2020-10-08,09:25:00,CDT,,,,,,,,,,,,,,U.S. Geological Survey-Water Resources Discipline,USGS-08077600,,,,"Stable, normal stage",Routine sample,,,USGS,USGS,USGS,,Unknown,NWIS-120590210,,,"Temperature, water",,25.1,deg C,,Accepted,,Actual,,,,,,,,,,,00010,,,,,,,,,THM01,USGS,"Temperature, water, thermistor",,"USGS National Field Manual, Chapter A6.1",,,,,,,,,,NWIS
USGS-TX,USGS Texas Water Science Center,nwistx.01.02003377,Sample-Routine,Water,Surface Water,2020-09-17,13:30:00,CDT,,,,,,,,,,,,,,U.S. Geological Survey-Water Resources Discipline,USGS-08042546,,,,"Stable, normal stage",Routine sample,,,60,USGS parameter code 82398,Weighted bottle,,Weighted-bottle sampler,NWIS-119701779,,,"Temperature, water",,29.1,deg C,,Accepted,,Actual,,,,,,,,,,,00010,,,,,,,,,THM01,USGS,"Temperature, water, thermistor",,"USGS National Field Manual, Chapter A6.1",U.S. Geological Survey-Water Resources Discipline,,,,,,,,,NWIS
USGS-TX,USGS Texas Water Science Center,nwistx.01.02001602,Sample-Routine,Water,Surface Water,2020-05-05,09:30:00,CDT,,,,,,,,,,,,,,U.S. Geological Survey-Water Resources Discipline,USGS-08042558,,,,"Stable, normal stage",Routine sample,,,60,USGS parameter code 82398,Weighted bottle,,Weighted-bottle sampler,NWIS-118977858,,,"Temperature, water",,26.7,deg C,,Accepted,,Actual,,,,,,,,,,,00010,,,,,,,,,THM01,USGS,"Temperature, water, thermistor",,"USGS National Field Manual, Chapter A6.1",U.S. Geological Survey-Water Resources Discipline,,,,,,,,,NWIS
USGS-TX,USGS Texas Water Science Center,nwistx.01.02002513,Sample-Routine,Water,Surface Water,2020-07-14,11:00:00,CDT,,,,,,,,,,,,,,U.S. Geological Survey-Water Resources Discipline,USGS-08042548,,,,"Stable, normal stage",Routine sample,,,60,USGS parameter code 82398,Weighted bottle,,Weighted-bottle sampler,NWIS-119327628,,,"Temperature, water",,31.5,deg C,,Accepted,,Actual,,,,,,,,,,,00010,,,,,,,,,THM01,USGS,"Temperature, water, thermistor",,"USGS National Field Manual, Chapter A6.1",U.S. Geological Survey-Water Resources Discipline,,,,,,,,,NWIS
USGS-TX,USGS Texas Water Science Center,nwistx.01.02001501,Sample-Routine,Water,Surface Water,2020-03-17,12:30:00,CDT,,,,,,,,,,,,,,U.S. Geological Survey-Water Resources Discipline,USGS-08042546,,,,"Stable, normal stage",Routine sample,,,60,USGS parameter code 82398,Weighted bottle,,Weighted-bottle sampler,NWIS-118752194,,,"Temperature, water",,22.7,deg C,,Accepted,,Actual,,,,,,,,,,,00010,,,,,,,,,THM01,USGS,"Temperature, water, thermistor",,"USGS National Field Manual, Chapter A6.1",U.S. Geological Survey-Water Resources Discipline,,,,,,,,,NWIS
USGS-TX,USGS Texas Water Science Center,nwistx.01.02001601,Sample-Routine,Water,Surface Water,2020-05-05,10:15:00,CDT,,,,,,,,,,,,,,U.S. Geological Survey-Water Resources Discipline,USGS-08042548,,,,"Stable, normal stage",Routine sample,,,60,USGS parameter code 82398,Weighted bottle,,Weighted-bottle sampler,NWIS-118977792,,,"Temperature, water",,25.6,deg C,,Accepted,,Actual,,,,,,,,,,,00010,,,,,,,,,THM01,USGS,"Temperature, water, thermistor",,"USGS National Field Manual, Chapter A6.1",U.S. Geological Survey-Water Resources Discipline,,,,,,,,,NWIS
TXSTRMTM_WQX,Texas Stream Team,TXSTRMTM_WQX-04.09.19-25770,Field Msr/Obs,Water,,2019-03-26,14:00:00,CST,,,,,,,,,,,,TST-TCEQ-70209,Citizen Science Water Quality,,TXSTRMTM_WQX-80958,JONES BAY @ TIKI TOM'S RV,,,,,29.3041900000,-94.9065400000,,,,,,STORET-797761589,,,"Temperature, water",,20,deg C,,Final,,Actual,,,,,,,,,,,,,,,,,,,,,,,,,,,,,,,,,2019-09-11T12:35:47,STORET